Workbook

Sheet Niche Research
A1: Datum meting | B1: Niche (thema) | C1: YT Account | D1: Handle / Link | E1: Dagen actief | F1: Abonnees | G1: Video lengte (min) | H1: Totaal views (lifetime) | I1: Views laatste 30d | J1: Vids laatste 30d | K1: Gem. views/video (30d) | L1: Views/dag sinds start | M1: Groeiversnelling | N1: RPM ($) | O1: Est. omzet/maand ($) | P1: Score (0-100) | Q1: Verdict | R1: Notities | S1: Monetized | T1: Cash cow?
A2: 46267 | B2: Personal finance | C2: Jiang Exclusive | D2: @jiangexclusives | E2: 25 | F2: 31700 | G2: 20.15 | H2: 1900000 | I2: 1900000 | J2: 9 | K2: =IF(OR($J2="",$J2=0),"",$I2/$J2) -> 211111.11 | L2: =IF(OR($E2="",$E2=0),"",$H2/$E2) -> 76000 | M2: =IF(OR($L2="",$L2=0),"",($I2/30)/$L2) -> 0.83333333 | N2: 8.59 | O2: =IF(OR($I2="",$N2=""),"",($I2/1000)*$N2) -> 16321 | P2: =IF($C2="","",IFERROR(ROUND(MIN(25,($N2/Instellingen!$B$3)*25)+MIN(25,($I2/Instellingen!$B$4)*25)+MIN(25,($J2/Instellingen!$B$5)*25)+MIN(25,(IF($M2="",0,$M2)/Instellingen!$B$6)*25),0),"")) -> 89 | Q2: =IF($P2="","",IF($P2>=Instellingen!$B$7,"Sterke niche",IF($P2>=Instellingen!$B$8,"Belofte - opvolgen",IF($P2>=Instellingen!$B$9,"Zwak - twijfel","Vermijden")))) -> Sterke niche | R2: Voorbeeldrij - AI faceless kanaal, sterke RPM, groeit snel voor zijn leeftijd
A3: 46268 | B3: history | C3: History's Important | D3: @HistorysImportant | E3: 125 | F3: 7810 | G3: 3.88 | H3: 5641841 | I3: 15555 | J3: 2 | K3: =IF(OR($J3="",$J3=0),"",$I3/$J3) -> 7777.5 | L3: =IF(OR($E3="",$E3=0),"",$H3/$E3) -> 45134.728 | M3: =IF(OR($L3="",$L3=0),"",($I3/30)/$L3) -> 0.011487828 | N3: 4.1472 | O3: =IF(OR($I3="",$N3=""),"",($I3/1000)*$N3) -> 64.509696 | P3: =IF($C3="","",IFERROR(ROUND(MIN(25,($N3/Instellingen!$B$3)*25)+MIN(25,($I3/Instellingen!$B$4)*25)+MIN(25,($J3/Instellingen!$B$5)*25)+MIN(25,(IF($M3="",0,$M3)/Instellingen!$B$6)*25),0),"")) -> 24 | Q3: =IF($P3="","",IF($P3>=Instellingen!$B$7,"Sterke niche",IF($P3>=Instellingen!$B$8,"Belofte - opvolgen",IF($P3>=Instellingen!$B$9,"Zwak - twijfel","Vermijden")))) -> Vermijden | R3: Zwakke cijfers | S3: ? | T3: =IF($C3="","",IF($P3=_xlfn.MAXIFS($P$3:$P$1000,$B$3:$B$1000,$B3),"★ Cash cow – handmatig onderzoeken","")) -> ★ Cash cow – handmatig onderzoeken
A4: 46268 | B4: crime | C4: True Law&Crime | D4: @TrueLawandcrime | E4: 88 | F4: 1240 | G4: 20.27 | H4: 339490 | I4: 272311 | J4: 11 | K4: =IF(OR($J4="",$J4=0),"",$I4/$J4) -> 24755.545 | L4: =IF(OR($E4="",$E4=0),"",$H4/$E4) -> 3857.8409 | M4: =IF(OR($L4="",$L4=0),"",($I4/30)/$L4) -> 2.3528791 | N4: 4.2595 | O4: =IF(OR($I4="",$N4=""),"",($I4/1000)*$N4) -> 1159.9087 | P4: =IF($C4="","",IFERROR(ROUND(MIN(25,($N4/Instellingen!$B$3)*25)+MIN(25,($I4/Instellingen!$B$4)*25)+MIN(25,($J4/Instellingen!$B$5)*25)+MIN(25,(IF($M4="",0,$M4)/Instellingen!$B$6)*25),0),"")) -> 75 | Q4: =IF($P4="","",IF($P4>=Instellingen!$B$7,"Sterke niche",IF($P4>=Instellingen!$B$8,"Belofte - opvolgen",IF($P4>=Instellingen!$B$9,"Zwak - twijfel","Vermijden")))) -> Sterke niche | R4: Hoge views + RPM | S4: ? | T4: =IF($C4="","",IF($P4=_xlfn.MAXIFS($P$3:$P$1000,$B$3:$B$1000,$B4),"★ Cash cow – handmatig onderzoeken","")) -> ★ Cash cow – handmatig onderzoeken
A5: 46268 | B5: wildlife | C5: Wildlife zone | D5: @Wildlifezone-h9u | E5: 99 | F5: 17400 | G5: 4.02 | H5: 16927302 | I5: 1786636 | J5: 24 | K5: =IF(OR($J5="",$J5=0),"",$I5/$J5) -> 74443.167 | L5: =IF(OR($E5="",$E5=0),"",$H5/$E5) -> 170982.85 | M5: =IF(OR($L5="",$L5=0),"",($I5/30)/$L5) -> 0.34830706 | N5: 1.548 | O5: =IF(OR($I5="",$N5=""),"",($I5/1000)*$N5) -> 2765.7125 | P5: =IF($C5="","",IFERROR(ROUND(MIN(25,($N5/Instellingen!$B$3)*25)+MIN(25,($I5/Instellingen!$B$4)*25)+MIN(25,($J5/Instellingen!$B$5)*25)+MIN(25,(IF($M5="",0,$M5)/Instellingen!$B$6)*25),0),"")) -> 62 | Q5: =IF($P5="","",IF($P5>=Instellingen!$B$7,"Sterke niche",IF($P5>=Instellingen!$B$8,"Belofte - opvolgen",IF($P5>=Instellingen!$B$9,"Zwak - twijfel","Vermijden")))) -> Belofte - opvolgen | R5: Groeit, RPM redelijk | S5: ? | T5: =IF($C5="","",IF($P5=_xlfn.MAXIFS($P$3:$P$1000,$B$3:$B$1000,$B5),"★ Cash cow – handmatig onderzoeken","")) -> ★ Cash cow – handmatig onderzoeken
A6: 46268 | B6: wildlife | C6: wildlife official | D6: @wildlife-official-TV | E6: 137 | F6: 2710 | G6: 10.34 | H6: 883598 | I6: 91779 | J6: 0 | K6: =IF(OR($J6="",$J6=0),"",$I6/$J6) | L6: =IF(OR($E6="",$E6=0),"",$H6/$E6) -> 6449.6204 | M6: =IF(OR($L6="",$L6=0),"",($I6/30)/$L6) -> 0.47433799 | N6: 1.782 | O6: =IF(OR($I6="",$N6=""),"",($I6/1000)*$N6) -> 163.55018 | P6: =IF($C6="","",IFERROR(ROUND(MIN(25,($N6/Instellingen!$B$3)*25)+MIN(25,($I6/Instellingen!$B$4)*25)+MIN(25,($J6/Instellingen!$B$5)*25)+MIN(25,(IF($M6="",0,$M6)/Instellingen!$B$6)*25),0),"")) -> 18 | Q6: =IF($P6="","",IF($P6>=Instellingen!$B$7,"Sterke niche",IF($P6>=Instellingen!$B$8,"Belofte - opvolgen",IF($P6>=Instellingen!$B$9,"Zwak - twijfel","Vermijden")))) -> Vermijden | R6: Lage RPM | S6: ? | T6: =IF($C6="","",IF($P6=_xlfn.MAXIFS($P$3:$P$1000,$B$3:$B$1000,$B6),"★ Cash cow – handmatig onderzoeken",""))
A7: 46268 | B7: travel documentary | C7: Vagarious Travel | D7: @VagariousTravel-868 | E7: 137 | F7: 6780 | G7: 43.44 | H7: 3658579 | I7: 1981264 | J7: 18 | K7: =IF(OR($J7="",$J7=0),"",$I7/$J7) -> 110070.22 | L7: =IF(OR($E7="",$E7=0),"",$H7/$E7) -> 26704.956 | M7: =IF(OR($L7="",$L7=0),"",($I7/30)/$L7) -> 2.4730291 | N7: 4.8384 | O7: =IF(OR($I7="",$N7=""),"",($I7/1000)*$N7) -> 9586.1477 | P7: =IF($C7="","",IFERROR(ROUND(MIN(25,($N7/Instellingen!$B$3)*25)+MIN(25,($I7/Instellingen!$B$4)*25)+MIN(25,($J7/Instellingen!$B$5)*25)+MIN(25,(IF($M7="",0,$M7)/Instellingen!$B$6)*25),0),"")) -> 95 | Q7: =IF($P7="","",IF($P7>=Instellingen!$B$7,"Sterke niche",IF($P7>=Instellingen!$B$8,"Belofte - opvolgen",IF($P7>=Instellingen!$B$9,"Zwak - twijfel","Vermijden")))) -> Sterke niche | R7: Hoge views + RPM | S7: ? | T7: =IF($C7="","",IF($P7=_xlfn.MAXIFS($P$3:$P$1000,$B$3:$B$1000,$B7),"★ Cash cow – handmatig onderzoeken","")) -> ★ Cash cow – handmatig onderzoeken
A8: 46268 | B8: science | C8: SciMation | D8: @Scimation1 | E8: 124 | F8: 550 | G8: 5.32 | H8: 70629 | I8: 129 | J8: 0 | K8: =IF(OR($J8="",$J8=0),"",$I8/$J8) | L8: =IF(OR($E8="",$E8=0),"",$H8/$E8) -> 569.58871 | M8: =IF(OR($L8="",$L8=0),"",($I8/30)/$L8) -> 0.0075493069 | N8: 3.0465 | O8: =IF(OR($I8="",$N8=""),"",($I8/1000)*$N8) -> 0.3929985 | P8: =IF($C8="","",IFERROR(ROUND(MIN(25,($N8/Instellingen!$B$3)*25)+MIN(25,($I8/Instellingen!$B$4)*25)+MIN(25,($J8/Instellingen!$B$5)*25)+MIN(25,(IF($M8="",0,$M8)/Instellingen!$B$6)*25),0),"")) -> 13 | Q8: =IF($P8="","",IF($P8>=Instellingen!$B$7,"Sterke niche",IF($P8>=Instellingen!$B$8,"Belofte - opvolgen",IF($P8>=Instellingen!$B$9,"Zwak - twijfel","Vermijden")))) -> Vermijden | R8: Te weinig 30d-views | S8: ? | T8: =IF($C8="","",IF($P8=_xlfn.MAXIFS($P$3:$P$1000,$B$3:$B$1000,$B8),"★ Cash cow – handmatig onderzoeken","")) -> ★ Cash cow – handmatig onderzoeken
A9: 46268 | B9: life stories | C9: Lives of Great Americans | D9: @LivesofGreatAmericans | E9: 119 | F9: 3390 | G9: 86.19 | H9: 399336 | I9: 247133 | J9: 9 | K9: =IF(OR($J9="",$J9=0),"",$I9/$J9) -> 27459.222 | L9: =IF(OR($E9="",$E9=0),"",$H9/$E9) -> 3355.7647 | M9: =IF(OR($L9="",$L9=0),"",($I9/30)/$L9) -> 2.4548106 | N9: 6.6096 | O9: =IF(OR($I9="",$N9=""),"",($I9/1000)*$N9) -> 1633.4503 | P9: =IF($C9="","",IFERROR(ROUND(MIN(25,($N9/Instellingen!$B$3)*25)+MIN(25,($I9/Instellingen!$B$4)*25)+MIN(25,($J9/Instellingen!$B$5)*25)+MIN(25,(IF($M9="",0,$M9)/Instellingen!$B$6)*25),0),"")) -> 81 | Q9: =IF($P9="","",IF($P9>=Instellingen!$B$7,"Sterke niche",IF($P9>=Instellingen!$B$8,"Belofte - opvolgen",IF($P9>=Instellingen!$B$9,"Zwak - twijfel","Vermijden")))) -> Sterke niche | R9: Hoge views + RPM | S9: ? | T9: =IF($C9="","",IF($P9=_xlfn.MAXIFS($P$3:$P$1000,$B$3:$B$1000,$B9),"★ Cash cow – handmatig onderzoeken","")) -> ★ Cash cow – handmatig onderzoeken
A10: 46268 | B10: Personal finance | C10: FinancePhysio | D10: @FinancePhysio-e2m | E10: 98 | F10: 25300 | G10: 4.7 | H10: 688541 | I10: 216 | J10: 8 | K10: =IF(OR($J10="",$J10=0),"",$I10/$J10) -> 27 | L10: =IF(OR($E10="",$E10=0),"",$H10/$E10) -> 7025.9286 | M10: =IF(OR($L10="",$L10=0),"",($I10/30)/$L10) -> 0.0010247756 | N10: 5.9162 | O10: =IF(OR($I10="",$N10=""),"",($I10/1000)*$N10) -> 1.2778992 | P10: =IF($C10="","",IFERROR(ROUND(MIN(25,($N10/Instellingen!$B$3)*25)+MIN(25,($I10/Instellingen!$B$4)*25)+MIN(25,($J10/Instellingen!$B$5)*25)+MIN(25,(IF($M10="",0,$M10)/Instellingen!$B$6)*25),0),"")) -> 50 | Q10: =IF($P10="","",IF($P10>=Instellingen!$B$7,"Sterke niche",IF($P10>=Instellingen!$B$8,"Belofte - opvolgen",IF($P10>=Instellingen!$B$9,"Zwak - twijfel","Vermijden")))) -> Belofte - opvolgen | R10: Groeit, RPM redelijk | S10: ? | T10: =IF($C10="","",IF($P10=_xlfn.MAXIFS($P$3:$P$1000,$B$3:$B$1000,$B10),"★ Cash cow – handmatig onderzoeken",""))
A11: 46268 | B11: Personal finance | C11: Baby Finance | D11: @BabyFinance | E11: 140 | F11: 3310 | G11: 10.45 | H11: 341433 | I11: 3592 | J11: 0 | K11: =IF(OR($J11="",$J11=0),"",$I11/$J11) | L11: =IF(OR($E11="",$E11=0),"",$H11/$E11) -> 2438.8071 | M11: =IF(OR($L11="",$L11=0),"",($I11/30)/$L11) -> 0.04909504 | N11: 6.0955 | O11: =IF(OR($I11="",$N11=""),"",($I11/1000)*$N11) -> 21.895036 | P11: =IF($C11="","",IFERROR(ROUND(MIN(25,($N11/Instellingen!$B$3)*25)+MIN(25,($I11/Instellingen!$B$4)*25)+MIN(25,($J11/Instellingen!$B$5)*25)+MIN(25,(IF($M11="",0,$M11)/Instellingen!$B$6)*25),0),"")) -> 26 | Q11: =IF($P11="","",IF($P11>=Instellingen!$B$7,"Sterke niche",IF($P11>=Instellingen!$B$8,"Belofte - opvolgen",IF($P11>=Instellingen!$B$9,"Zwak - twijfel","Vermijden")))) -> Vermijden | R11: Te weinig 30d-views | S11: ? | T11: =IF($C11="","",IF($P11=_xlfn.MAXIFS($P$3:$P$1000,$B$3:$B$1000,$B11),"★ Cash cow – handmatig onderzoeken",""))
A12: 46268 | B12: Personal finance | C12: Rick Finance | D12: @RickFinance1 | E12: 112 | F12: 4150 | G12: 16.57 | H12: 713843 | I12: 458599 | J12: 30 | K12: =IF(OR($J12="",$J12=0),"",$I12/$J12) -> 15286.633 | L12: =IF(OR($E12="",$E12=0),"",$H12/$E12) -> 6373.5982 | M12: =IF(OR($L12="",$L12=0),"",($I12/30)/$L12) -> 2.3984307 | N12: 9.2664 | O12: =IF(OR($I12="",$N12=""),"",($I12/1000)*$N12) -> 4249.5618 | P12: =IF($C12="","",IFERROR(ROUND(MIN(25,($N12/Instellingen!$B$3)*25)+MIN(25,($I12/Instellingen!$B$4)*25)+MIN(25,($J12/Instellingen!$B$5)*25)+MIN(25,(IF($M12="",0,$M12)/Instellingen!$B$6)*25),0),"")) -> 86 | Q12: =IF($P12="","",IF($P12>=Instellingen!$B$7,"Sterke niche",IF($P12>=Instellingen!$B$8,"Belofte - opvolgen",IF($P12>=Instellingen!$B$9,"Zwak - twijfel","Vermijden")))) -> Sterke niche | R12: Hoge views + RPM | S12: ? | T12: =IF($C12="","",IF($P12=_xlfn.MAXIFS($P$3:$P$1000,$B$3:$B$1000,$B12),"★ Cash cow – handmatig onderzoeken","")) -> ★ Cash cow – handmatig onderzoeken
A13: 46268 | B13: politics | C13: The Politics Report | D13: @ThePoliticsReport0 | E13: 50 | F13: 3660 | G13: 15.73 | H13: 1061545 | I13: 1022653 | J13: 22 | K13: =IF(OR($J13="",$J13=0),"",$I13/$J13) -> 46484.227 | L13: =IF(OR($E13="",$E13=0),"",$H13/$E13) -> 21230.9 | M13: =IF(OR($L13="",$L13=0),"",($I13/30)/$L13) -> 1.6056047 | N13: 4.5619 | O13: =IF(OR($I13="",$N13=""),"",($I13/1000)*$N13) -> 4665.2407 | P13: =IF($C13="","",IFERROR(ROUND(MIN(25,($N13/Instellingen!$B$3)*25)+MIN(25,($I13/Instellingen!$B$4)*25)+MIN(25,($J13/Instellingen!$B$5)*25)+MIN(25,(IF($M13="",0,$M13)/Instellingen!$B$6)*25),0),"")) -> 94 | Q13: =IF($P13="","",IF($P13>=Instellingen!$B$7,"Sterke niche",IF($P13>=Instellingen!$B$8,"Belofte - opvolgen",IF($P13>=Instellingen!$B$9,"Zwak - twijfel","Vermijden")))) -> Sterke niche | R13: Hoge views + RPM | S13: ? | T13: =IF($C13="","",IF($P13=_xlfn.MAXIFS($P$3:$P$1000,$B$3:$B$1000,$B13),"★ Cash cow – handmatig onderzoeken","")) -> ★ Cash cow – handmatig onderzoeken
A14: 46268 | B14: tech gadgets | C14: Gadgetrum | D14: @Gadgetrum | E14: 132 | F14: 4670 | G14: 18.78 | H14: 566297 | I14: 61187 | J14: 0 | K14: =IF(OR($J14="",$J14=0),"",$I14/$J14) | L14: =IF(OR($E14="",$E14=0),"",$H14/$E14) -> 4290.1288 | M14: =IF(OR($L14="",$L14=0),"",($I14/30)/$L14) -> 0.47540919 | N14: 6.629 | O14: =IF(OR($I14="",$N14=""),"",($I14/1000)*$N14) -> 405.60862 | P14: =IF($C14="","",IFERROR(ROUND(MIN(25,($N14/Instellingen!$B$3)*25)+MIN(25,($I14/Instellingen!$B$4)*25)+MIN(25,($J14/Instellingen!$B$5)*25)+MIN(25,(IF($M14="",0,$M14)/Instellingen!$B$6)*25),0),"")) -> 34 | Q14: =IF($P14="","",IF($P14>=Instellingen!$B$7,"Sterke niche",IF($P14>=Instellingen!$B$8,"Belofte - opvolgen",IF($P14>=Instellingen!$B$9,"Zwak - twijfel","Vermijden")))) -> Zwak - twijfel | R14: Matige views/RPM | S14: ? | T14: =IF($C14="","",IF($P14=_xlfn.MAXIFS($P$3:$P$1000,$B$3:$B$1000,$B14),"★ Cash cow – handmatig onderzoeken","")) -> ★ Cash cow – handmatig onderzoeken
... A16: 46268 | B16: folklore | C16: Hollow Hills | D16: @Hollow_Hills | E16: 98 | F16: 4500 | G16: 36.04 | H16: 229326 | I16: 129310 | J16: 5 | K16: =IF(OR($J16="",$J16=0),"",$I16/$J16) -> 25862 | L16: =IF(OR($E16="",$E16=0),"",$H16/$E16) -> 2340.0612 | M16: =IF(OR($L16="",$L16=0),"",($I16/30)/$L16) -> 1.8419746 | N16: 3.672 | O16: =IF(OR($I16="",$N16=""),"",($I16/1000)*$N16) -> 474.82632 | P16: =IF($C16="","",IFERROR(ROUND(MIN(25,($N16/Instellingen!$B$3)*25)+MIN(25,($I16/Instellingen!$B$4)*25)+MIN(25,($J16/Instellingen!$B$5)*25)+MIN(25,(IF($M16="",0,$M16)/Instellingen!$B$6)*25),0),"")) -> 59 | Q16: =IF($P16="","",IF($P16>=Instellingen!$B$7,"Sterke niche",IF($P16>=Instellingen!$B$8,"Belofte - opvolgen",IF($P16>=Instellingen!$B$9,"Zwak - twijfel","Vermijden")))) -> Belofte - opvolgen | R16: Groeit, RPM redelijk | S16: ? | T16: =IF($C16="","",IF($P16=_xlfn.MAXIFS($P$3:$P$1000,$B$3:$B$1000,$B16),"★ Cash cow – handmatig onderzoeken","")) -> ★ Cash cow – handmatig onderzoeken
K17: =IF(OR($J17="",$J17=0),"",$I17/$J17) | L17: =IF(OR($E17="",$E17=0),"",$H17/$E17) | M17: =IF(OR($L17="",$L17=0),"",($I17/30)/$L17) | O17: =IF(OR($I17="",$N17=""),"",($I17/1000)*$N17) | P17: =IF($C17="","",IFERROR(ROUND(MIN(25,($N17/Instellingen!$B$3)*25)+MIN(25,($I17/Instellingen!$B$4)*25)+MIN(25,($J17/Instellingen!$B$5)*25)+MIN(25,(IF($M17="",0,$M17)/Instellingen!$B$6)*25),0),"")) | Q17: =IF($P17="","",IF($P17>=Instellingen!$B$7,"Sterke niche",IF($P17>=Instellingen!$B$8,"Belofte - opvolgen",IF($P17>=Instellingen!$B$9,"Zwak - twijfel","Vermijden")))) | T17: =IF($C17="","",IF($P17=_xlfn.MAXIFS($P$3:$P$1000,$B$3:$B$1000,$B17),"★ Cash cow – handmatig onderzoeken",""))
K18: =IF(OR($J18="",$J18=0),"",$I18/$J18) | L18: =IF(OR($E18="",$E18=0),"",$H18/$E18) | M18: =IF(OR($L18="",$L18=0),"",($I18/30)/$L18) | O18: =IF(OR($I18="",$N18=""),"",($I18/1000)*$N18) | P18: =IF($C18="","",IFERROR(ROUND(MIN(25,($N18/Instellingen!$B$3)*25)+MIN(25,($I18/Instellingen!$B$4)*25)+MIN(25,($J18/Instellingen!$B$5)*25)+MIN(25,(IF($M18="",0,$M18)/Instellingen!$B$6)*25),0),"")) | Q18: =IF($P18="","",IF($P18>=Instellingen!$B$7,"Sterke niche",IF($P18>=Instellingen!$B$8,"Belofte - opvolgen",IF($P18>=Instellingen!$B$9,"Zwak - twijfel","Vermijden")))) | T18: =IF($C18="","",IF($P18=_xlfn.MAXIFS($P$3:$P$1000,$B$3:$B$1000,$B18),"★ Cash cow – handmatig onderzoeken",""))
K19: =IF(OR($J19="",$J19=0),"",$I19/$J19) | L19: =IF(OR($E19="",$E19=0),"",$H19/$E19) | M19: =IF(OR($L19="",$L19=0),"",($I19/30)/$L19) | O19: =IF(OR($I19="",$N19=""),"",($I19/1000)*$N19) | P19: =IF($C19="","",IFERROR(ROUND(MIN(25,($N19/Instellingen!$B$3)*25)+MIN(25,($I19/Instellingen!$B$4)*25)+MIN(25,($J19/Instellingen!$B$5)*25)+MIN(25,(IF($M19="",0,$M19)/Instellingen!$B$6)*25),0),"")) | Q19: =IF($P19="","",IF($P19>=Instellingen!$B$7,"Sterke niche",IF($P19>=Instellingen!$B$8,"Belofte - opvolgen",IF($P19>=Instellingen!$B$9,"Zwak - twijfel","Vermijden")))) | T19: =IF($C19="","",IF($P19=_xlfn.MAXIFS($P$3:$P$1000,$B$3:$B$1000,$B19),"★ Cash cow – handmatig onderzoeken",""))
K20: =IF(OR($J20="",$J20=0),"",$I20/$J20) | L20: =IF(OR($E20="",$E20=0),"",$H20/$E20) | M20: =IF(OR($L20="",$L20=0),"",($I20/30)/$L20) | O20: =IF(OR($I20="",$N20=""),"",($I20/1000)*$N20) | P20: =IF($C20="","",IFERROR(ROUND(MIN(25,($N20/Instellingen!$B$3)*25)+MIN(25,($I20/Instellingen!$B$4)*25)+MIN(25,($J20/Instellingen!$B$5)*25)+MIN(25,(IF($M20="",0,$M20)/Instellingen!$B$6)*25),0),"")) | Q20: =IF($P20="","",IF($P20>=Instellingen!$B$7,"Sterke niche",IF($P20>=Instellingen!$B$8,"Belofte - opvolgen",IF($P20>=Instellingen!$B$9,"Zwak - twijfel","Vermijden")))) | T20: =IF($C20="","",IF($P20=_xlfn.MAXIFS($P$3:$P$1000,$B$3:$B$1000,$B20),"★ Cash cow – handmatig onderzoeken",""))
K21: =IF(OR($J21="",$J21=0),"",$I21/$J21) | L21: =IF(OR($E21="",$E21=0),"",$H21/$E21) | M21: =IF(OR($L21="",$L21=0),"",($I21/30)/$L21) | O21: =IF(OR($I21="",$N21=""),"",($I21/1000)*$N21) | P21: =IF($C21="","",IFERROR(ROUND(MIN(25,($N21/Instellingen!$B$3)*25)+MIN(25,($I21/Instellingen!$B$4)*25)+MIN(25,($J21/Instellingen!$B$5)*25)+MIN(25,(IF($M21="",0,$M21)/Instellingen!$B$6)*25),0),"")) | Q21: =IF($P21="","",IF($P21>=Instellingen!$B$7,"Sterke niche",IF($P21>=Instellingen!$B$8,"Belofte - opvolgen",IF($P21>=Instellingen!$B$9,"Zwak - twijfel","Vermijden")))) | T21: =IF($C21="","",IF($P21=_xlfn.MAXIFS($P$3:$P$1000,$B$3:$B$1000,$B21),"★ Cash cow – handmatig onderzoeken",""))
K22: =IF(OR($J22="",$J22=0),"",$I22/$J22) | L22: =IF(OR($E22="",$E22=0),"",$H22/$E22) | M22: =IF(OR($L22="",$L22=0),"",($I22/30)/$L22) | O22: =IF(OR($I22="",$N22=""),"",($I22/1000)*$N22) | P22: =IF($C22="","",IFERROR(ROUND(MIN(25,($N22/Instellingen!$B$3)*25)+MIN(25,($I22/Instellingen!$B$4)*25)+MIN(25,($J22/Instellingen!$B$5)*25)+MIN(25,(IF($M22="",0,$M22)/Instellingen!$B$6)*25),0),"")) | Q22: =IF($P22="","",IF($P22>=Instellingen!$B$7,"Sterke niche",IF($P22>=Instellingen!$B$8,"Belofte - opvolgen",IF($P22>=Instellingen!$B$9,"Zwak - twijfel","Vermijden")))) | T22: =IF($C22="","",IF($P22=_xlfn.MAXIFS($P$3:$P$1000,$B$3:$B$1000,$B22),"★ Cash cow – handmatig onderzoeken",""))
K23: =IF(OR($J23="",$J23=0),"",$I23/$J23) | L23: =IF(OR($E23="",$E23=0),"",$H23/$E23) | M23: =IF(OR($L23="",$L23=0),"",($I23/30)/$L23) | O23: =IF(OR($I23="",$N23=""),"",($I23/1000)*$N23) | P23: =IF($C23="","",IFERROR(ROUND(MIN(25,($N23/Instellingen!$B$3)*25)+MIN(25,($I23/Instellingen!$B$4)*25)+MIN(25,($J23/Instellingen!$B$5)*25)+MIN(25,(IF($M23="",0,$M23)/Instellingen!$B$6)*25),0),"")) | Q23: =IF($P23="","",IF($P23>=Instellingen!$B$7,"Sterke niche",IF($P23>=Instellingen!$B$8,"Belofte - opvolgen",IF($P23>=Instellingen!$B$9,"Zwak - twijfel","Vermijden")))) | T23: =IF($C23="","",IF($P23=_xlfn.MAXIFS($P$3:$P$1000,$B$3:$B$1000,$B23),"★ Cash cow – handmatig onderzoeken",""))
K24: =IF(OR($J24="",$J24=0),"",$I24/$J24) | L24: =IF(OR($E24="",$E24=0),"",$H24/$E24) | M24: =IF(OR($L24="",$L24=0),"",($I24/30)/$L24) | O24: =IF(OR($I24="",$N24=""),"",($I24/1000)*$N24) | P24: =IF($C24="","",IFERROR(ROUND(MIN(25,($N24/Instellingen!$B$3)*25)+MIN(25,($I24/Instellingen!$B$4)*25)+MIN(25,($J24/Instellingen!$B$5)*25)+MIN(25,(IF($M24="",0,$M24)/Instellingen!$B$6)*25),0),"")) | Q24: =IF($P24="","",IF($P24>=Instellingen!$B$7,"Sterke niche",IF($P24>=Instellingen!$B$8,"Belofte - opvolgen",IF($P24>=Instellingen!$B$9,"Zwak - twijfel","Vermijden")))) | T24: =IF($C24="","",IF($P24=_xlfn.MAXIFS($P$3:$P$1000,$B$3:$B$1000,$B24),"★ Cash cow – handmatig onderzoeken",""))
K25: =IF(OR($J25="",$J25=0),"",$I25/$J25) | L25: =IF(OR($E25="",$E25=0),"",$H25/$E25) | M25: =IF(OR($L25="",$L25=0),"",($I25/30)/$L25) | O25: =IF(OR($I25="",$N25=""),"",($I25/1000)*$N25) | P25: =IF($C25="","",IFERROR(ROUND(MIN(25,($N25/Instellingen!$B$3)*25)+MIN(25,($I25/Instellingen!$B$4)*25)+MIN(25,($J25/Instellingen!$B$5)*25)+MIN(25,(IF($M25="",0,$M25)/Instellingen!$B$6)*25),0),"")) | Q25: =IF($P25="","",IF($P25>=Instellingen!$B$7,"Sterke niche",IF($P25>=Instellingen!$B$8,"Belofte - opvolgen",IF($P25>=Instellingen!$B$9,"Zwak - twijfel","Vermijden")))) | T25: =IF($C25="","",IF($P25=_xlfn.MAXIFS($P$3:$P$1000,$B$3:$B$1000,$B25),"★ Cash cow – handmatig onderzoeken",""))
K26: =IF(OR($J26="",$J26=0),"",$I26/$J26) | L26: =IF(OR($E26="",$E26=0),"",$H26/$E26) | M26: =IF(OR($L26="",$L26=0),"",($I26/30)/$L26) | O26: =IF(OR($I26="",$N26=""),"",($I26/1000)*$N26) | P26: =IF($C26="","",IFERROR(ROUND(MIN(25,($N26/Instellingen!$B$3)*25)+MIN(25,($I26/Instellingen!$B$4)*25)+MIN(25,($J26/Instellingen!$B$5)*25)+MIN(25,(IF($M26="",0,$M26)/Instellingen!$B$6)*25),0),"")) | Q26: =IF($P26="","",IF($P26>=Instellingen!$B$7,"Sterke niche",IF($P26>=Instellingen!$B$8,"Belofte - opvolgen",IF($P26>=Instellingen!$B$9,"Zwak - twijfel","Vermijden")))) | T26: =IF($C26="","",IF($P26=_xlfn.MAXIFS($P$3:$P$1000,$B$3:$B$1000,$B26),"★ Cash cow – handmatig onderzoeken",""))
K27: =IF(OR($J27="",$J27=0),"",$I27/$J27) | L27: =IF(OR($E27="",$E27=0),"",$H27/$E27) | M27: =IF(OR($L27="",$L27=0),"",($I27/30)/$L27) | O27: =IF(OR($I27="",$N27=""),"",($I27/1000)*$N27) | P27: =IF($C27="","",IFERROR(ROUND(MIN(25,($N27/Instellingen!$B$3)*25)+MIN(25,($I27/Instellingen!$B$4)*25)+MIN(25,($J27/Instellingen!$B$5)*25)+MIN(25,(IF($M27="",0,$M27)/Instellingen!$B$6)*25),0),"")) | Q27: =IF($P27="","",IF($P27>=Instellingen!$B$7,"Sterke niche",IF($P27>=Instellingen!$B$8,"Belofte - opvolgen",IF($P27>=Instellingen!$B$9,"Zwak - twijfel","Vermijden")))) | T27: =IF($C27="","",IF($P27=_xlfn.MAXIFS($P$3:$P$1000,$B$3:$B$1000,$B27),"★ Cash cow – handmatig onderzoeken",""))
K28: =IF(OR($J28="",$J28=0),"",$I28/$J28) | L28: =IF(OR($E28="",$E28=0),"",$H28/$E28) | M28: =IF(OR($L28="",$L28=0),"",($I28/30)/$L28) | O28: =IF(OR($I28="",$N28=""),"",($I28/1000)*$N28) | P28: =IF($C28="","",IFERROR(ROUND(MIN(25,($N28/Instellingen!$B$3)*25)+MIN(25,($I28/Instellingen!$B$4)*25)+MIN(25,($J28/Instellingen!$B$5)*25)+MIN(25,(IF($M28="",0,$M28)/Instellingen!$B$6)*25),0),"")) | Q28: =IF($P28="","",IF($P28>=Instellingen!$B$7,"Sterke niche",IF($P28>=Instellingen!$B$8,"Belofte - opvolgen",IF($P28>=Instellingen!$B$9,"Zwak - twijfel","Vermijden")))) | T28: =IF($C28="","",IF($P28=_xlfn.MAXIFS($P$3:$P$1000,$B$3:$B$1000,$B28),"★ Cash cow – handmatig onderzoeken",""))
... K1000: =IF(OR($J1000="",$J1000=0),"",$I1000/$J1000) | L1000: =IF(OR($E1000="",$E1000=0),"",$H1000/$E1000) | M1000: =IF(OR($L1000="",$L1000=0),"",($I1000/30)/$L1000) | O1000: =IF(OR($I1000="",$N1000=""),"",($I1000/1000)*$N1000) | P1000: =IF($C1000="","",IFERROR(ROUND(MIN(25,($N1000/Instellingen!$B$3)*25)+MIN(25,($I1000/Instellingen!$B$4)*25)+MIN(25,($J1000/Instellingen!$B$5)*25)+MIN(25,(IF($M1000="",0,$M1000)/Instellingen!$B$6)*25),0),"")) | Q1000: =IF($P1000="","",IF($P1000>=Instellingen!$B$7,"Sterke niche",IF($P1000>=Instellingen!$B$8,"Belofte - opvolgen",IF($P1000>=Instellingen!$B$9,"Zwak - twijfel","Vermijden")))) | T1000: =IF($C1000="","",IF($P1000=_xlfn.MAXIFS($P$3:$P$1000,$B$3:$B$1000,$B1000),"★ Cash cow – handmatig onderzoeken",""))

Sheet Niche Samenvatting
A1: Niche (thema) | B1: Aantal accounts | C1: Totaal views 30d | D1: Gem. RPM | E1: Totaal est. omzet/maand ($) | F1: Gem. dagen actief | G1: Gem. Score (0-100) | H1: Aantal 'Sterke niche' kanalen | I1: Ranking (obv score)
A2: Personal finance | B2: =IF($A2="","",COUNTIF('Niche Research'!$B$2:$B$1000,$A2)) -> 4 | C2: =IF($A2="","",SUMIF('Niche Research'!$B$2:$B$1000,$A2,'Niche Research'!$I$2:$I$1000)) -> 2362407 | D2: =IF($A2="","",IFERROR(AVERAGEIF('Niche Research'!$B$2:$B$1000,$A2,'Niche Research'!$N$2:$N$1000),"")) -> 7.467025 | E2: =IF($A2="","",SUMIF('Niche Research'!$B$2:$B$1000,$A2,'Niche Research'!$O$2:$O$1000)) -> 20593.735 | F2: =IF($A2="","",IFERROR(AVERAGEIF('Niche Research'!$B$2:$B$1000,$A2,'Niche Research'!$E$2:$E$1000),"")) -> 93.75 | G2: =IF($A2="","",IFERROR(AVERAGEIF('Niche Research'!$B$2:$B$1000,$A2,'Niche Research'!$P$2:$P$1000),"")) -> 62.75 | H2: =IF($A2="","",COUNTIFS('Niche Research'!$B$2:$B$1000,$A2,'Niche Research'!$Q$2:$Q$1000,"Sterke niche")) -> 2 | I2: =IF(OR($A2="",$G2=""),"",RANK($G2,$G$2:$G$101,0)) -> 5
A3: boating | B3: =IF($A3="","",COUNTIF('Niche Research'!$B$2:$B$1000,$A3)) -> 1 | C3: =IF($A3="","",SUMIF('Niche Research'!$B$2:$B$1000,$A3,'Niche Research'!$I$2:$I$1000)) -> 3229 | D3: =IF($A3="","",IFERROR(AVERAGEIF('Niche Research'!$B$2:$B$1000,$A3,'Niche Research'!$N$2:$N$1000),"")) -> 3.672 | E3: =IF($A3="","",SUMIF('Niche Research'!$B$2:$B$1000,$A3,'Niche Research'!$O$2:$O$1000)) -> 11.856888 | F3: =IF($A3="","",IFERROR(AVERAGEIF('Niche Research'!$B$2:$B$1000,$A3,'Niche Research'!$E$2:$E$1000),"")) -> 178 | G3: =IF($A3="","",IFERROR(AVERAGEIF('Niche Research'!$B$2:$B$1000,$A3,'Niche Research'!$P$2:$P$1000),"")) -> 20 | H3: =IF($A3="","",COUNTIFS('Niche Research'!$B$2:$B$1000,$A3,'Niche Research'!$Q$2:$Q$1000,"Sterke niche")) -> 0 | I3: =IF(OR($A3="",$G3=""),"",RANK($G3,$G$2:$G$101,0)) -> 10
A4: crime | B4: =IF($A4="","",COUNTIF('Niche Research'!$B$2:$B$1000,$A4)) -> 1 | C4: =IF($A4="","",SUMIF('Niche Research'!$B$2:$B$1000,$A4,'Niche Research'!$I$2:$I$1000)) -> 272311 | D4: =IF($A4="","",IFERROR(AVERAGEIF('Niche Research'!$B$2:$B$1000,$A4,'Niche Research'!$N$2:$N$1000),"")) -> 4.2595 | E4: =IF($A4="","",SUMIF('Niche Research'!$B$2:$B$1000,$A4,'Niche Research'!$O$2:$O$1000)) -> 1159.9087 | F4: =IF($A4="","",IFERROR(AVERAGEIF('Niche Research'!$B$2:$B$1000,$A4,'Niche Research'!$E$2:$E$1000),"")) -> 88 | G4: =IF($A4="","",IFERROR(AVERAGEIF('Niche Research'!$B$2:$B$1000,$A4,'Niche Research'!$P$2:$P$1000),"")) -> 75 | H4: =IF($A4="","",COUNTIFS('Niche Research'!$B$2:$B$1000,$A4,'Niche Research'!$Q$2:$Q$1000,"Sterke niche")) -> 1 | I4: =IF(OR($A4="",$G4=""),"",RANK($G4,$G$2:$G$101,0)) -> 4
A5: folklore | B5: =IF($A5="","",COUNTIF('Niche Research'!$B$2:$B$1000,$A5)) -> 1 | C5: =IF($A5="","",SUMIF('Niche Research'!$B$2:$B$1000,$A5,'Niche Research'!$I$2:$I$1000)) -> 129310 | D5: =IF($A5="","",IFERROR(AVERAGEIF('Niche Research'!$B$2:$B$1000,$A5,'Niche Research'!$N$2:$N$1000),"")) -> 3.672 | E5: =IF($A5="","",SUMIF('Niche Research'!$B$2:$B$1000,$A5,'Niche Research'!$O$2:$O$1000)) -> 474.82632 | F5: =IF($A5="","",IFERROR(AVERAGEIF('Niche Research'!$B$2:$B$1000,$A5,'Niche Research'!$E$2:$E$1000),"")) -> 98 | G5: =IF($A5="","",IFERROR(AVERAGEIF('Niche Research'!$B$2:$B$1000,$A5,'Niche Research'!$P$2:$P$1000),"")) -> 59 | H5: =IF($A5="","",COUNTIFS('Niche Research'!$B$2:$B$1000,$A5,'Niche Research'!$Q$2:$Q$1000,"Sterke niche")) -> 0 | I5: =IF(OR($A5="",$G5=""),"",RANK($G5,$G$2:$G$101,0)) -> 6
A6: history | B6: =IF($A6="","",COUNTIF('Niche Research'!$B$2:$B$1000,$A6)) -> 1 | C6: =IF($A6="","",SUMIF('Niche Research'!$B$2:$B$1000,$A6,'Niche Research'!$I$2:$I$1000)) -> 15555 | D6: =IF($A6="","",IFERROR(AVERAGEIF('Niche Research'!$B$2:$B$1000,$A6,'Niche Research'!$N$2:$N$1000),"")) -> 4.1472 | E6: =IF($A6="","",SUMIF('Niche Research'!$B$2:$B$1000,$A6,'Niche Research'!$O$2:$O$1000)) -> 64.509696 | F6: =IF($A6="","",IFERROR(AVERAGEIF('Niche Research'!$B$2:$B$1000,$A6,'Niche Research'!$E$2:$E$1000),"")) -> 125 | G6: =IF($A6="","",IFERROR(AVERAGEIF('Niche Research'!$B$2:$B$1000,$A6,'Niche Research'!$P$2:$P$1000),"")) -> 24 | H6: =IF($A6="","",COUNTIFS('Niche Research'!$B$2:$B$1000,$A6,'Niche Research'!$Q$2:$Q$1000,"Sterke niche")) -> 0 | I6: =IF(OR($A6="",$G6=""),"",RANK($G6,$G$2:$G$101,0)) -> 9
A7: life stories | B7: =IF($A7="","",COUNTIF('Niche Research'!$B$2:$B$1000,$A7)) -> 1 | C7: =IF($A7="","",SUMIF('Niche Research'!$B$2:$B$1000,$A7,'Niche Research'!$I$2:$I$1000)) -> 247133 | D7: =IF($A7="","",IFERROR(AVERAGEIF('Niche Research'!$B$2:$B$1000,$A7,'Niche Research'!$N$2:$N$1000),"")) -> 6.6096 | E7: =IF($A7="","",SUMIF('Niche Research'!$B$2:$B$1000,$A7,'Niche Research'!$O$2:$O$1000)) -> 1633.4503 | F7: =IF($A7="","",IFERROR(AVERAGEIF('Niche Research'!$B$2:$B$1000,$A7,'Niche Research'!$E$2:$E$1000),"")) -> 119 | G7: =IF($A7="","",IFERROR(AVERAGEIF('Niche Research'!$B$2:$B$1000,$A7,'Niche Research'!$P$2:$P$1000),"")) -> 81 | H7: =IF($A7="","",COUNTIFS('Niche Research'!$B$2:$B$1000,$A7,'Niche Research'!$Q$2:$Q$1000,"Sterke niche")) -> 1 | I7: =IF(OR($A7="",$G7=""),"",RANK($G7,$G$2:$G$101,0)) -> 3
A8: politics | B8: =IF($A8="","",COUNTIF('Niche Research'!$B$2:$B$1000,$A8)) -> 1 | C8: =IF($A8="","",SUMIF('Niche Research'!$B$2:$B$1000,$A8,'Niche Research'!$I$2:$I$1000)) -> 1022653 | D8: =IF($A8="","",IFERROR(AVERAGEIF('Niche Research'!$B$2:$B$1000,$A8,'Niche Research'!$N$2:$N$1000),"")) -> 4.5619 | E8: =IF($A8="","",SUMIF('Niche Research'!$B$2:$B$1000,$A8,'Niche Research'!$O$2:$O$1000)) -> 4665.2407 | F8: =IF($A8="","",IFERROR(AVERAGEIF('Niche Research'!$B$2:$B$1000,$A8,'Niche Research'!$E$2:$E$1000),"")) -> 50 | G8: =IF($A8="","",IFERROR(AVERAGEIF('Niche Research'!$B$2:$B$1000,$A8,'Niche Research'!$P$2:$P$1000),"")) -> 94 | H8: =IF($A8="","",COUNTIFS('Niche Research'!$B$2:$B$1000,$A8,'Niche Research'!$Q$2:$Q$1000,"Sterke niche")) -> 1 | I8: =IF(OR($A8="",$G8=""),"",RANK($G8,$G$2:$G$101,0)) -> 2
A9: science | B9: =IF($A9="","",COUNTIF('Niche Research'!$B$2:$B$1000,$A9)) -> 1 | C9: =IF($A9="","",SUMIF('Niche Research'!$B$2:$B$1000,$A9,'Niche Research'!$I$2:$I$1000)) -> 129 | D9: =IF($A9="","",IFERROR(AVERAGEIF('Niche Research'!$B$2:$B$1000,$A9,'Niche Research'!$N$2:$N$1000),"")) -> 3.0465 | E9: =IF($A9="","",SUMIF('Niche Research'!$B$2:$B$1000,$A9,'Niche Research'!$O$2:$O$1000)) -> 0.3929985 | F9: =IF($A9="","",IFERROR(AVERAGEIF('Niche Research'!$B$2:$B$1000,$A9,'Niche Research'!$E$2:$E$1000),"")) -> 124 | G9: =IF($A9="","",IFERROR(AVERAGEIF('Niche Research'!$B$2:$B$1000,$A9,'Niche Research'!$P$2:$P$1000),"")) -> 13 | H9: =IF($A9="","",COUNTIFS('Niche Research'!$B$2:$B$1000,$A9,'Niche Research'!$Q$2:$Q$1000,"Sterke niche")) -> 0 | I9: =IF(OR($A9="",$G9=""),"",RANK($G9,$G$2:$G$101,0)) -> 11
A10: tech gadgets | B10: =IF($A10="","",COUNTIF('Niche Research'!$B$2:$B$1000,$A10)) -> 1 | C10: =IF($A10="","",SUMIF('Niche Research'!$B$2:$B$1000,$A10,'Niche Research'!$I$2:$I$1000)) -> 61187 | D10: =IF($A10="","",IFERROR(AVERAGEIF('Niche Research'!$B$2:$B$1000,$A10,'Niche Research'!$N$2:$N$1000),"")) -> 6.629 | E10: =IF($A10="","",SUMIF('Niche Research'!$B$2:$B$1000,$A10,'Niche Research'!$O$2:$O$1000)) -> 405.60862 | F10: =IF($A10="","",IFERROR(AVERAGEIF('Niche Research'!$B$2:$B$1000,$A10,'Niche Research'!$E$2:$E$1000),"")) -> 132 | G10: =IF($A10="","",IFERROR(AVERAGEIF('Niche Research'!$B$2:$B$1000,$A10,'Niche Research'!$P$2:$P$1000),"")) -> 34 | H10: =IF($A10="","",COUNTIFS('Niche Research'!$B$2:$B$1000,$A10,'Niche Research'!$Q$2:$Q$1000,"Sterke niche")) -> 0 | I10: =IF(OR($A10="",$G10=""),"",RANK($G10,$G$2:$G$101,0)) -> 8
A11: travel documentary | B11: =IF($A11="","",COUNTIF('Niche Research'!$B$2:$B$1000,$A11)) -> 1 | C11: =IF($A11="","",SUMIF('Niche Research'!$B$2:$B$1000,$A11,'Niche Research'!$I$2:$I$1000)) -> 1981264 | D11: =IF($A11="","",IFERROR(AVERAGEIF('Niche Research'!$B$2:$B$1000,$A11,'Niche Research'!$N$2:$N$1000),"")) -> 4.8384 | E11: =IF($A11="","",SUMIF('Niche Research'!$B$2:$B$1000,$A11,'Niche Research'!$O$2:$O$1000)) -> 9586.1477 | F11: =IF($A11="","",IFERROR(AVERAGEIF('Niche Research'!$B$2:$B$1000,$A11,'Niche Research'!$E$2:$E$1000),"")) -> 137 | G11: =IF($A11="","",IFERROR(AVERAGEIF('Niche Research'!$B$2:$B$1000,$A11,'Niche Research'!$P$2:$P$1000),"")) -> 95 | H11: =IF($A11="","",COUNTIFS('Niche Research'!$B$2:$B$1000,$A11,'Niche Research'!$Q$2:$Q$1000,"Sterke niche")) -> 1 | I11: =IF(OR($A11="",$G11=""),"",RANK($G11,$G$2:$G$101,0)) -> 1
A12: wildlife | B12: =IF($A12="","",COUNTIF('Niche Research'!$B$2:$B$1000,$A12)) -> 2 | C12: =IF($A12="","",SUMIF('Niche Research'!$B$2:$B$1000,$A12,'Niche Research'!$I$2:$I$1000)) -> 1878415 | D12: =IF($A12="","",IFERROR(AVERAGEIF('Niche Research'!$B$2:$B$1000,$A12,'Niche Research'!$N$2:$N$1000),"")) -> 1.665 | E12: =IF($A12="","",SUMIF('Niche Research'!$B$2:$B$1000,$A12,'Niche Research'!$O$2:$O$1000)) -> 2929.2627 | F12: =IF($A12="","",IFERROR(AVERAGEIF('Niche Research'!$B$2:$B$1000,$A12,'Niche Research'!$E$2:$E$1000),"")) -> 118 | G12: =IF($A12="","",IFERROR(AVERAGEIF('Niche Research'!$B$2:$B$1000,$A12,'Niche Research'!$P$2:$P$1000),"")) -> 40 | H12: =IF($A12="","",COUNTIFS('Niche Research'!$B$2:$B$1000,$A12,'Niche Research'!$Q$2:$Q$1000,"Sterke niche")) -> 0 | I12: =IF(OR($A12="",$G12=""),"",RANK($G12,$G$2:$G$101,0)) -> 7
B13: =IF($A13="","",COUNTIF('Niche Research'!$B$2:$B$1000,$A13)) | C13: =IF($A13="","",SUMIF('Niche Research'!$B$2:$B$1000,$A13,'Niche Research'!$I$2:$I$1000)) | D13: =IF($A13="","",IFERROR(AVERAGEIF('Niche Research'!$B$2:$B$1000,$A13,'Niche Research'!$N$2:$N$1000),"")) | E13: =IF($A13="","",SUMIF('Niche Research'!$B$2:$B$1000,$A13,'Niche Research'!$O$2:$O$1000)) | F13: =IF($A13="","",IFERROR(AVERAGEIF('Niche Research'!$B$2:$B$1000,$A13,'Niche Research'!$E$2:$E$1000),"")) | G13: =IF($A13="","",IFERROR(AVERAGEIF('Niche Research'!$B$2:$B$1000,$A13,'Niche Research'!$P$2:$P$1000),"")) | H13: =IF($A13="","",COUNTIFS('Niche Research'!$B$2:$B$1000,$A13,'Niche Research'!$Q$2:$Q$1000,"Sterke niche")) | I13: =IF(OR($A13="",$G13=""),"",RANK($G13,$G$2:$G$101,0))
B14: =IF($A14="","",COUNTIF('Niche Research'!$B$2:$B$1000,$A14)) | C14: =IF($A14="","",SUMIF('Niche Research'!$B$2:$B$1000,$A14,'Niche Research'!$I$2:$I$1000)) | D14: =IF($A14="","",IFERROR(AVERAGEIF('Niche Research'!$B$2:$B$1000,$A14,'Niche Research'!$N$2:$N$1000),"")) | E14: =IF($A14="","",SUMIF('Niche Research'!$B$2:$B$1000,$A14,'Niche Research'!$O$2:$O$1000)) | F14: =IF($A14="","",IFERROR(AVERAGEIF('Niche Research'!$B$2:$B$1000,$A14,'Niche Research'!$E$2:$E$1000),"")) | G14: =IF($A14="","",IFERROR(AVERAGEIF('Niche Research'!$B$2:$B$1000,$A14,'Niche Research'!$P$2:$P$1000),"")) | H14: =IF($A14="","",COUNTIFS('Niche Research'!$B$2:$B$1000,$A14,'Niche Research'!$Q$2:$Q$1000,"Sterke niche")) | I14: =IF(OR($A14="",$G14=""),"",RANK($G14,$G$2:$G$101,0))
B15: =IF($A15="","",COUNTIF('Niche Research'!$B$2:$B$1000,$A15)) | C15: =IF($A15="","",SUMIF('Niche Research'!$B$2:$B$1000,$A15,'Niche Research'!$I$2:$I$1000)) | D15: =IF($A15="","",IFERROR(AVERAGEIF('Niche Research'!$B$2:$B$1000,$A15,'Niche Research'!$N$2:$N$1000),"")) | E15: =IF($A15="","",SUMIF('Niche Research'!$B$2:$B$1000,$A15,'Niche Research'!$O$2:$O$1000)) | F15: =IF($A15="","",IFERROR(AVERAGEIF('Niche Research'!$B$2:$B$1000,$A15,'Niche Research'!$E$2:$E$1000),"")) | G15: =IF($A15="","",IFERROR(AVERAGEIF('Niche Research'!$B$2:$B$1000,$A15,'Niche Research'!$P$2:$P$1000),"")) | H15: =IF($A15="","",COUNTIFS('Niche Research'!$B$2:$B$1000,$A15,'Niche Research'!$Q$2:$Q$1000,"Sterke niche")) | I15: =IF(OR($A15="",$G15=""),"",RANK($G15,$G$2:$G$101,0))
B16: =IF($A16="","",COUNTIF('Niche Research'!$B$2:$B$1000,$A16)) | C16: =IF($A16="","",SUMIF('Niche Research'!$B$2:$B$1000,$A16,'Niche Research'!$I$2:$I$1000)) | D16: =IF($A16="","",IFERROR(AVERAGEIF('Niche Research'!$B$2:$B$1000,$A16,'Niche Research'!$N$2:$N$1000),"")) | E16: =IF($A16="","",SUMIF('Niche Research'!$B$2:$B$1000,$A16,'Niche Research'!$O$2:$O$1000)) | F16: =IF($A16="","",IFERROR(AVERAGEIF('Niche Research'!$B$2:$B$1000,$A16,'Niche Research'!$E$2:$E$1000),"")) | G16: =IF($A16="","",IFERROR(AVERAGEIF('Niche Research'!$B$2:$B$1000,$A16,'Niche Research'!$P$2:$P$1000),"")) | H16: =IF($A16="","",COUNTIFS('Niche Research'!$B$2:$B$1000,$A16,'Niche Research'!$Q$2:$Q$1000,"Sterke niche")) | I16: =IF(OR($A16="",$G16=""),"",RANK($G16,$G$2:$G$101,0))
B17: =IF($A17="","",COUNTIF('Niche Research'!$B$2:$B$1000,$A17)) | C17: =IF($A17="","",SUMIF('Niche Research'!$B$2:$B$1000,$A17,'Niche Research'!$I$2:$I$1000)) | D17: =IF($A17="","",IFERROR(AVERAGEIF('Niche Research'!$B$2:$B$1000,$A17,'Niche Research'!$N$2:$N$1000),"")) | E17: =IF($A17="","",SUMIF('Niche Research'!$B$2:$B$1000,$A17,'Niche Research'!$O$2:$O$1000)) | F17: =IF($A17="","",IFERROR(AVERAGEIF('Niche Research'!$B$2:$B$1000,$A17,'Niche Research'!$E$2:$E$1000),"")) | G17: =IF($A17="","",IFERROR(AVERAGEIF('Niche Research'!$B$2:$B$1000,$A17,'Niche Research'!$P$2:$P$1000),"")) | H17: =IF($A17="","",COUNTIFS('Niche Research'!$B$2:$B$1000,$A17,'Niche Research'!$Q$2:$Q$1000,"Sterke niche")) | I17: =IF(OR($A17="",$G17=""),"",RANK($G17,$G$2:$G$101,0))
B18: =IF($A18="","",COUNTIF('Niche Research'!$B$2:$B$1000,$A18)) | C18: =IF($A18="","",SUMIF('Niche Research'!$B$2:$B$1000,$A18,'Niche Research'!$I$2:$I$1000)) | D18: =IF($A18="","",IFERROR(AVERAGEIF('Niche Research'!$B$2:$B$1000,$A18,'Niche Research'!$N$2:$N$1000),"")) | E18: =IF($A18="","",SUMIF('Niche Research'!$B$2:$B$1000,$A18,'Niche Research'!$O$2:$O$1000)) | F18: =IF($A18="","",IFERROR(AVERAGEIF('Niche Research'!$B$2:$B$1000,$A18,'Niche Research'!$E$2:$E$1000),"")) | G18: =IF($A18="","",IFERROR(AVERAGEIF('Niche Research'!$B$2:$B$1000,$A18,'Niche Research'!$P$2:$P$1000),"")) | H18: =IF($A18="","",COUNTIFS('Niche Research'!$B$2:$B$1000,$A18,'Niche Research'!$Q$2:$Q$1000,"Sterke niche")) | I18: =IF(OR($A18="",$G18=""),"",RANK($G18,$G$2:$G$101,0))
B19: =IF($A19="","",COUNTIF('Niche Research'!$B$2:$B$1000,$A19)) | C19: =IF($A19="","",SUMIF('Niche Research'!$B$2:$B$1000,$A19,'Niche Research'!$I$2:$I$1000)) | D19: =IF($A19="","",IFERROR(AVERAGEIF('Niche Research'!$B$2:$B$1000,$A19,'Niche Research'!$N$2:$N$1000),"")) | E19: =IF($A19="","",SUMIF('Niche Research'!$B$2:$B$1000,$A19,'Niche Research'!$O$2:$O$1000)) | F19: =IF($A19="","",IFERROR(AVERAGEIF('Niche Research'!$B$2:$B$1000,$A19,'Niche Research'!$E$2:$E$1000),"")) | G19: =IF($A19="","",IFERROR(AVERAGEIF('Niche Research'!$B$2:$B$1000,$A19,'Niche Research'!$P$2:$P$1000),"")) | H19: =IF($A19="","",COUNTIFS('Niche Research'!$B$2:$B$1000,$A19,'Niche Research'!$Q$2:$Q$1000,"Sterke niche")) | I19: =IF(OR($A19="",$G19=""),"",RANK($G19,$G$2:$G$101,0))
B20: =IF($A20="","",COUNTIF('Niche Research'!$B$2:$B$1000,$A20)) | C20: =IF($A20="","",SUMIF('Niche Research'!$B$2:$B$1000,$A20,'Niche Research'!$I$2:$I$1000)) | D20: =IF($A20="","",IFERROR(AVERAGEIF('Niche Research'!$B$2:$B$1000,$A20,'Niche Research'!$N$2:$N$1000),"")) | E20: =IF($A20="","",SUMIF('Niche Research'!$B$2:$B$1000,$A20,'Niche Research'!$O$2:$O$1000)) | F20: =IF($A20="","",IFERROR(AVERAGEIF('Niche Research'!$B$2:$B$1000,$A20,'Niche Research'!$E$2:$E$1000),"")) | G20: =IF($A20="","",IFERROR(AVERAGEIF('Niche Research'!$B$2:$B$1000,$A20,'Niche Research'!$P$2:$P$1000),"")) | H20: =IF($A20="","",COUNTIFS('Niche Research'!$B$2:$B$1000,$A20,'Niche Research'!$Q$2:$Q$1000,"Sterke niche")) | I20: =IF(OR($A20="",$G20=""),"",RANK($G20,$G$2:$G$101,0))
B21: =IF($A21="","",COUNTIF('Niche Research'!$B$2:$B$1000,$A21)) | C21: =IF($A21="","",SUMIF('Niche Research'!$B$2:$B$1000,$A21,'Niche Research'!$I$2:$I$1000)) | D21: =IF($A21="","",IFERROR(AVERAGEIF('Niche Research'!$B$2:$B$1000,$A21,'Niche Research'!$N$2:$N$1000),"")) | E21: =IF($A21="","",SUMIF('Niche Research'!$B$2:$B$1000,$A21,'Niche Research'!$O$2:$O$1000)) | F21: =IF($A21="","",IFERROR(AVERAGEIF('Niche Research'!$B$2:$B$1000,$A21,'Niche Research'!$E$2:$E$1000),"")) | G21: =IF($A21="","",IFERROR(AVERAGEIF('Niche Research'!$B$2:$B$1000,$A21,'Niche Research'!$P$2:$P$1000),"")) | H21: =IF($A21="","",COUNTIFS('Niche Research'!$B$2:$B$1000,$A21,'Niche Research'!$Q$2:$Q$1000,"Sterke niche")) | I21: =IF(OR($A21="",$G21=""),"",RANK($G21,$G$2:$G$101,0))
B22: =IF($A22="","",COUNTIF('Niche Research'!$B$2:$B$1000,$A22)) | C22: =IF($A22="","",SUMIF('Niche Research'!$B$2:$B$1000,$A22,'Niche Research'!$I$2:$I$1000)) | D22: =IF($A22="","",IFERROR(AVERAGEIF('Niche Research'!$B$2:$B$1000,$A22,'Niche Research'!$N$2:$N$1000),"")) | E22: =IF($A22="","",SUMIF('Niche Research'!$B$2:$B$1000,$A22,'Niche Research'!$O$2:$O$1000)) | F22: =IF($A22="","",IFERROR(AVERAGEIF('Niche Research'!$B$2:$B$1000,$A22,'Niche Research'!$E$2:$E$1000),"")) | G22: =IF($A22="","",IFERROR(AVERAGEIF('Niche Research'!$B$2:$B$1000,$A22,'Niche Research'!$P$2:$P$1000),"")) | H22: =IF($A22="","",COUNTIFS('Niche Research'!$B$2:$B$1000,$A22,'Niche Research'!$Q$2:$Q$1000,"Sterke niche")) | I22: =IF(OR($A22="",$G22=""),"",RANK($G22,$G$2:$G$101,0))
B23: =IF($A23="","",COUNTIF('Niche Research'!$B$2:$B$1000,$A23)) | C23: =IF($A23="","",SUMIF('Niche Research'!$B$2:$B$1000,$A23,'Niche Research'!$I$2:$I$1000)) | D23: =IF($A23="","",IFERROR(AVERAGEIF('Niche Research'!$B$2:$B$1000,$A23,'Niche Research'!$N$2:$N$1000),"")) | E23: =IF($A23="","",SUMIF('Niche Research'!$B$2:$B$1000,$A23,'Niche Research'!$O$2:$O$1000)) | F23: =IF($A23="","",IFERROR(AVERAGEIF('Niche Research'!$B$2:$B$1000,$A23,'Niche Research'!$E$2:$E$1000),"")) | G23: =IF($A23="","",IFERROR(AVERAGEIF('Niche Research'!$B$2:$B$1000,$A23,'Niche Research'!$P$2:$P$1000),"")) | H23: =IF($A23="","",COUNTIFS('Niche Research'!$B$2:$B$1000,$A23,'Niche Research'!$Q$2:$Q$1000,"Sterke niche")) | I23: =IF(OR($A23="",$G23=""),"",RANK($G23,$G$2:$G$101,0))
B24: =IF($A24="","",COUNTIF('Niche Research'!$B$2:$B$1000,$A24)) | C24: =IF($A24="","",SUMIF('Niche Research'!$B$2:$B$1000,$A24,'Niche Research'!$I$2:$I$1000)) | D24: =IF($A24="","",IFERROR(AVERAGEIF('Niche Research'!$B$2:$B$1000,$A24,'Niche Research'!$N$2:$N$1000),"")) | E24: =IF($A24="","",SUMIF('Niche Research'!$B$2:$B$1000,$A24,'Niche Research'!$O$2:$O$1000)) | F24: =IF($A24="","",IFERROR(AVERAGEIF('Niche Research'!$B$2:$B$1000,$A24,'Niche Research'!$E$2:$E$1000),"")) | G24: =IF($A24="","",IFERROR(AVERAGEIF('Niche Research'!$B$2:$B$1000,$A24,'Niche Research'!$P$2:$P$1000),"")) | H24: =IF($A24="","",COUNTIFS('Niche Research'!$B$2:$B$1000,$A24,'Niche Research'!$Q$2:$Q$1000,"Sterke niche")) | I24: =IF(OR($A24="",$G24=""),"",RANK($G24,$G$2:$G$101,0))
... B101: =IF($A101="","",COUNTIF('Niche Research'!$B$2:$B$1000,$A101)) | C101: =IF($A101="","",SUMIF('Niche Research'!$B$2:$B$1000,$A101,'Niche Research'!$I$2:$I$1000)) | D101: =IF($A101="","",IFERROR(AVERAGEIF('Niche Research'!$B$2:$B$1000,$A101,'Niche Research'!$N$2:$N$1000),"")) | E101: =IF($A101="","",SUMIF('Niche Research'!$B$2:$B$1000,$A101,'Niche Research'!$O$2:$O$1000)) | F101: =IF($A101="","",IFERROR(AVERAGEIF('Niche Research'!$B$2:$B$1000,$A101,'Niche Research'!$E$2:$E$1000),"")) | G101: =IF($A101="","",IFERROR(AVERAGEIF('Niche Research'!$B$2:$B$1000,$A101,'Niche Research'!$P$2:$P$1000),"")) | H101: =IF($A101="","",COUNTIFS('Niche Research'!$B$2:$B$1000,$A101,'Niche Research'!$Q$2:$Q$1000,"Sterke niche")) | I101: =IF(OR($A101="",$G101=""),"",RANK($G101,$G$2:$G$101,0))
A103: Vul in kolom A de exacte niche-naam in zoals gebruikt in 'Niche Research'. Ranking 1 = hoogste gemiddelde score = beste niche.

Sheet Niche Trend
A1: Datum | B1: Niche (thema) | C1: Aantal accounts | D1: Gem. RPM ($) | E1: Gem. Score (0-100) | F1: Aantal 'Sterke niche' kanalen | G1: Totaal est. omzet/maand ($)
A2: 46268 | B2: Personal finance | C2: 6 | D2: 6.7405833 | E2: 59 | F2: 3 | G2: 23066.091
A3: 46268 | B3: boating | C3: 3 | D3: 3.9148667 | E3: 43.333333 | F3: 1 | G3: 7135.4573
A4: 46268 | B4: crime | C4: 5 | D4: 3.39772 | E4: 47.2 | F4: 2 | G4: 21419.055
A5: 46268 | B5: folklore | C5: 3 | D5: 3.6 | E5: 39 | F5: 0 | G5: 1161.794
A6: 46268 | B6: history | C6: 5 | D6: 4.1472 | E6: 28.6 | F6: 0 | G6: 277.69055
A7: 46268 | B7: life stories | C7: 5 | D7: 5.97024 | E7: 56.4 | F7: 3 | G7: 3158.0723
A8: 46268 | B8: politics | C8: 5 | D8: 3.65558 | E8: 43.4 | F8: 2 | G8: 12741.348
A9: 46268 | B9: science | C9: 5 | D9: 3.64472 | E9: 50.4 | F9: 1 | G9: 5065.4464
A10: 46268 | B10: tech gadgets | C10: 3 | D10: 5.6703333 | E10: 49.666667 | F10: 1 | G10: 5317.2584
A11: 46268 | B11: travel documentary | C11: 5 | D11: 5.38194 | E11: 76 | F11: 3 | G11: 24848.14
A12: 46268 | B12: wildlife | C12: 5 | D12: 2.57678 | E12: 60 | F12: 2 | G12: 13274.082

Sheet Niche Trend Grafiek
A1: Score-verloop per niche over tijd
A2: Deze grafiek wordt automatisch bijgewerkt door de tracker-run. Elke lijn is één niche; bron: het tabblad 'Niche Trend', gegroepeerd per niche.

Sheet Instellingen
A1: Scoring-instellingen
A2: Pas deze cijfers aan om te bepalen wat 'goed' betekent voor jouw type kanaal. Alles hieronder stuurt automatisch de Score en Verdict in 'Niche Research'.
A3: Target RPM (sterk) | B3: 6 | C3: RPM waarbij een kanaal het volle punten (25) krijgt voor de RPM-component.
A4: Target views 30d (sterk) | B4: 1000000 | C4: Views/30d waarbij een kanaal het volle punten (25) krijgt voor de volume-component.
A5: Target vids/30d (actief) | B5: 8 | C5: Aantal uploads/30d waarbij een kanaal het volle punten (25) krijgt voor consistentie.
A6: Target groeiversnelling (sterk) | B6: 1.5 | C6: Verhouding huidig dagtempo vs lifetime dagtempo waarbij een kanaal het volle punten (25) krijgt. >1 = versnelt, <1 = vertraagt.
A7: Score grens: Sterke niche | B7: 75 | C7: Vanaf deze score (van 100) wordt het verdict 'Sterke niche'.
A8: Score grens: Belofte | B8: 50 | C8: Vanaf deze score wordt het verdict 'Belofte - opvolgen'.
A9: Score grens: Zwak | B9: 30 | C9: Vanaf deze score wordt het verdict 'Zwak - twijfel'; daaronder 'Vermijden'.
A10: Max dagen actief (filter) | B10: 180 | C10: Kanalen ouder dan dit horen niet in de tracker (jonge kanalen = doel).
A11: Scoreformule: Score = RPM-component + Volume-component + Consistentie-component + Groei-component (elk max 25 punten, evenredig geschaald t.o.v. de targets hierboven, gemaximeerd op 25).

Sheet Legenda
A1: Legenda & uitleg
A3: Kleurcodering
A4: Blauwe tekst | B4: Cellen die jij (of Claude, in jouw opdracht) handmatig invult (input).
A5: Zwarte tekst | B5: Formulecellen - niet overschrijven, deze rekenen automatisch.
A6: Geel gemarkeerd (tabblad Instellingen) | B6: Drempelwaarden die de hele score-engine aansturen.
A7: Groen/geel/rood verdict | B7: Sterke niche = groen, Belofte/Zwak = geel, Vermijden = rood.
A9: Kolom uitleg ('Niche Research')
A10: Datum meting | B10: Datum van deze meting - handig als je hetzelfde kanaal later opnieuw meet.
A11: Niche (thema) | B11: De overkoepelende niche, bv. 'personal finance', 'travel', 'health'.
A12: YT Account / Handle | B12: Naam en @handle of link van het kanaal.
A13: Dagen actief | B13: Aantal dagen sinds het kanaal is aangemaakt.
A14: Totaal views (lifetime) / Views 30d / Vids 30d | B14: Ruwe data die je zelf ophaalt (bv. via Nexlev of Social Blade).
A15: Gem. views/video (30d) | B15: Berekend als: Views 30d / Vids 30d.
A16: Views/dag sinds start | B16: Berekend als: Totaal views / Dagen actief. Gemiddeld dagtempo over de hele levensduur.
A17: Groeiversnelling | B17: Berekend als: (Views30d/30) / (Views/dag sinds start). Groter dan 1 betekent dat het kanaal nu sneller groeit dan zijn eigen gemiddelde - een signaal dat de niche/aanpak momentum heeft.
A18: RPM ($) | B18: Revenue per mille - omzet per 1000 views. Zelf invullen.
A19: Est. omzet/maand ($) | B19: Berekend als: (Views 30d / 1000) x RPM.
A20: Score (0-100) | B20: Optelsom van 4 componenten (RPM, volume, consistentie, groei), elk max 25 punten. Drempels stel je in op tabblad 'Instellingen'.
A21: Verdict | B21: Automatisch label: Sterke niche / Belofte - opvolgen / Zwak - twijfel / Vermijden, obv de Score en de drempels in 'Instellingen'.
... A26: Gebruik met Claude + Nexlev | B26: Je kunt dit bestand aan een Claude-gesprek geven waarin Nexlev gekoppeld is en vragen: 'vul de blauwe kolommen in 'Niche Research' in voor niche X met Nexlev-data'. De Score en Verdict-kolommen rekenen daarna automatisch mee - je hoeft zelf niet te beoordelen of een niche goed is.
